{"cameraMode":{"drawMode":0,"name":"Shaded","section":"Shading Mode"},"sceneLighting":true,"audioPlay":false,"sceneViewState":{"showFog":false,"showMaterialUpdate":false,"showSkybox":false,"showFlares":false,"showImageEffects":false,"showParticleSystems":false},"in2DMode":false,"pivot":{"x":-6.6484270095825199,"y":40.10610580444336,"z":-26.816333770751954},"rotation":{"x":0.42900460958480837,"y":0.5638855695724487,"z":-0.4357254207134247,"w":0.5551543831825256},"size":15.779266357421875,"orthographic":false}