{"cameraMode":{"drawMode":0,"name":"Shaded","section":"Shading Mode"},"sceneLighting":true,"audioPlay":false,"sceneViewState":{"showFog":false,"showMaterialUpdate":false,"showSkybox":false,"showFlares":false,"showImageEffects":false,"showParticleSystems":false},"in2DMode":false,"pivot":{"x":12.045877456665039,"y":20.22601318359375,"z":-11.357536315917969},"rotation":{"x":-0.5113998055458069,"y":-0.488597571849823,"z":0.49898403882980349,"w":-0.500788152217865},"size":12.463335990905762,"orthographic":false}