{"cameraMode":{"drawMode":0,"name":"Shaded","section":"Shading Mode"},"sceneLighting":true,"audioPlay":false,"sceneViewState":{"showFog":false,"showMaterialUpdate":false,"showSkybox":false,"showFlares":false,"showImageEffects":false,"showParticleSystems":false},"in2DMode":false,"pivot":{"x":-10.158920288085938,"y":-15.799898147583008,"z":24.79703712463379},"rotation":{"x":-0.22206689417362214,"y":0.23707173764705659,"z":-0.05576984956860542,"w":-0.9441825151443481},"size":47.89842224121094,"orthographic":false}