{"cameraMode":{"drawMode":0,"name":"Shaded","section":"Shading Mode"},"sceneLighting":true,"audioPlay":false,"sceneViewState":{"showFog":false,"showMaterialUpdate":false,"showSkybox":false,"showFlares":false,"showImageEffects":false,"showParticleSystems":false},"in2DMode":false,"pivot":{"x":-37.02315902709961,"y":24.503232955932618,"z":8.714020729064942},"rotation":{"x":-0.2196153849363327,"y":-0.720301628112793,"z":0.2620105743408203,"w":-0.6036332249641419},"size":15.779266357421875,"orthographic":false}