{"cameraMode":{"drawMode":0,"name":"Shaded","section":"Shading Mode"},"sceneLighting":true,"audioPlay":false,"sceneViewState":{"showFog":false,"showMaterialUpdate":false,"showSkybox":false,"showFlares":false,"showImageEffects":false,"showParticleSystems":false},"in2DMode":false,"pivot":{"x":18.569122314453126,"y":-22.179414749145509,"z":-3.8610763549804689},"rotation":{"x":-0.42171090841293337,"y":-0.558672308921814,"z":0.39665764570236208,"w":-0.5939755439758301},"size":102.40543365478516,"orthographic":false}