{"cameraMode":{"drawMode":0,"name":"Shaded","section":"Shading Mode"},"sceneLighting":true,"audioPlay":false,"sceneViewState":{"showFog":false,"showMaterialUpdate":false,"showSkybox":false,"showFlares":false,"showImageEffects":false,"showParticleSystems":false},"in2DMode":false,"pivot":{"x":10.817757606506348,"y":-8.66553020477295,"z":27.398469924926759},"rotation":{"x":0.1500285118818283,"y":0.21987222135066987,"z":-0.034245289862155917,"w":0.9633249044418335},"size":35.19712829589844,"orthographic":false}